artist,title,lyrics,Album,release_year,Word Count,score,sentiment,filter,joy,sadness,surprise,trust,anger,disgust,anticipation,fear
Fifth Harmony,Work From Home,worried nothin wearin nada sittin pretty impatient know gotta hours make harder sendin picture fired know always night shift stand nights alone need explanation cause baby boss home gotta work work work work work work work gotta work work work work work work work gotta work work work work work work work body work work work work work work work work home work home motion give promotion make feel like vacay turn ocean need nobody need body nothing sheets between getting early know always night shift stand nights alone need explanation cause baby boss home gotta work work work work work work work gotta work work work work work work work gotta work work work work work work work body work work work work work work work work home work home dolla dolla girl work work make clap hands take ground pick look back work like timesheet ride like woah line ride foreign break rules ride juug finessin pipe take that overtime body gotta work gotta work work work work work work work gotta work woah work work work work work work gotta work work work work work work work body work work work work work work work work work work home work home work home work home,7/27,2016,246,0.54,joy,intenso,0.93,0.14,0.18,0.7,0.0,0.0,0.13,0.0
Fifth Harmony,Worth It,give worth baby worth worth gimme gimme worth give worth baby worth worth gimme gimme worth post okay tell bring back like left some bring bring back like left some club lights what actin come show with stop playin know with what actin just give give just give that wanna true true might give talk stuff guaranteed back think call bluff hurry waitin front spot like love style show cause wanna waste time spot like love style show come make worth while give worth baby worth worth gimme gimme worth give worth baby worth worth gimme gimme worth wanna clue clue tell come harder because like like soft soft like little rough much maybe enough spot like love style show cause wanna waste time spot like love style show come make worth while give worth baby worth worth gimme gimme worth give worth know mean baby worth give everythin worth gimme gimme worth post okay tell bring back like left some bring bring back like left some club lights what actin come show with stop playin know with what actin spot like love style show cause wanna waste time spot like love style show come make worth while give worth baby worth worth gimme gimme worth give worth know mean baby worth give everythin worth gimme gimme worth give worth,Reflection,2015,244,0.58,joy,intenso,0.37,0.7,0.0,0.32,0.0,0.42,0.2,0.7
Fifth Harmony,Down,gucci mane gucci fifth harmony need somebody patience cause know temperament reputation nothin little love there kind situation where cross line interrogation would when push come shove show love when push come shove long holding down down down keep lovin down down down long holding down down down keep lovin down down down keep lovin type could bake bake cause baby know take cake take cake wait cause baby know worth wait when push come shove show love show love when push come shove fifth harmony gucci mane long holding down down down keep lovin down down down long holding down down down keep lovin down down gucci keep lovin gucci mane like bonnie clyde walked gangsta bride walked team ballin ball showin ring like jordan hold like hold never tell soul told when sittin cell showed takes real damn that coupe seat coupe that game floor seats diamonds nosebleeds bleed make feel like trophy gucci fifth harmony long holding down down down keep lovin down down down keep lovin down long holding down down down long holding down love down keep lovin down down down long holding down down down long holding down keep lovin down down down down down down down down long holding down down down love down keep lovin down down down long loving babe keep lovin,Fifth Harmony,2017,248,0.68,anticipation,intenso,0.34,0.14,0.18,0.42,0.82,0.14,0.5,0.29
Fifth Harmony,That’s My Girl,that girl working damn hard head overload flawless body achin head refrain nothin nothin ladies round world nothin nothin good girls better before hurt before before good good destiny said independent ever forget dirt shoulder brush feeling five high that girl post that girl that girl that girl what waitin that girl that girl that girl that girl girl interlude that girl played every just tryna show thought best ever until refrain nothin nothin know worth nothin nothin good girls better hurt before good good destiny said independent ever forget ever forget dirt shoulder brush feeling five high feeling five high that girl that girl post that girl that girl that girl what waitin that girl woah that girl that girl that girl before hurt before before good good baby destiny said independent ever forget ever forget dirt shoulder brush feeling five high that girl woah woah post that girl that girl that girl that girl what waitin that girl that girl that girl that girl that girl that girl bridge nothin nothin nothin heart soul nothin nothin nothin nothin heart soul post bridge that girl that girl that girl that girl that girl that girl that girl that girl baby that girl,7/27,2016,268,0.61,trust,intenso,0.32,0.11,0.21,0.5,1.0,0.11,0.4,0.1
Fifth Harmony,All in My Head (Flex),flex time impress come climb thing head fetty wanna flex baby wanna flex baby tryna chill throwin bands flexible baby flexible baby show different moves groove cause meant baby cause meant baby make history baby make history baby come flex baby refrain curtains like waves closing around dimming lights blind tongue cheek laying roses touching skin leaving hopeless wanna feel feel body body body wanna feel feel flex time impress come climb thing head flex time impress come climb thing head refrain curtains like waves closing around dimming lights blind tongue cheek laying roses touching skin leaving hopeless wanna feel feel body body body wanna feel feel flex time impress come climb thing head flex time impress come climb thing head fetty want come flex baby babe want need babe motherf babe they flex know take hundred thousand blow another hundred thou rover come flex over come flex over babe wanna feel feel body body body wanna feel feel flex time impress time impress come climb come climb thing head flex flex flex time impress come climb climb thing thing head fetty wanna flex baby head zoovier baby head wanna flex baby head baby head,7/27,2016,236,0.47,joy,neutro,0.32,0.17,0.0,0.0,0.0,0.0,0.27,0.1
Fifth Harmony,He Like That,pumps bump pumps bump good attitude kinda like tats girl excited bass beat beat inside pumps bump know wanna pumps bump pumps bump like girls pumps bump pumps bump pumps bump girl pumps bump like bang bang bang like bomb bomb bomb like love love love like drug drug drug trip taste want like bang bang bang like bomb bomb bomb like love love love like drug drug drug trip taste want rough neck swaggy know hide dope cash nine five thing girls make money overnight know health still wanna both pumps bump pumps bump like girls pumps bump pumps bump pumps bump girl pumps bump like bang bang bang like bomb bomb bomb like love love love like drug drug drug trip taste want taste want like bang bang bang like bang like bomb bomb bomb like bomb like love love love like love like drug drug drug like drug trip taste want taste want bridge bang love bang bomb love bomb bomb bomb love love thang drug love lose brain going stupid dumb stupid dumb ever want some pumps bump pumps bump like girls pumps bump pumps bump know wants some wants some pumps bump girl pumps bump like bang bang bang like bomb bomb bomb woah like love love love like drug drug drug trip trip taste want taste want like bang bang bang like bomb bomb bomb like like that love love love like drug drug drug trip taste want want pumps bump woah,Fifth Harmony,2017,294,0.46,surprise,intenso,0.65,0.6,1.0,0.1,0.64,0.3,0.13,0.7
Fifth Harmony,Don’t Say You Love Me,miss when call hurting without scars promise tonight without tomorrow love unless close inconsistent hold heart safer distance think words ease tension deny something missing need little more need little more gotta know like know before waiting patient need little more miss when call hurting without scars promise tonight without tomorrow love unless unless supposed take when weeks still waiting okay fake even something missing need little more need little need little more gotta know like know before waiting patient need little more miss when call when call hurting without scars promise tonight without tomorrow love unless unless post love love unless unless love love promise tonight without tomorrow love unless unless bridge need little more need little more gotta know like know before waiting patient need little miss when call when call hurting without scars promise tonight without tomorrow love unless,Fifth Harmony,2017,180,0.52,joy,intenso,0.32,0.8,0.0,0.14,0.95,0.0,0.27,0.8
Fifth Harmony,Angel,said angel said angel moment nothin serious never really paid mind dropped started payin attention should never lied should never kept word woulda reason keep mine inconsistent should never lied should never crossed line everything cool drinkin young handcuffs wasn tryna spend life phone gotta keep hundred original fuck beginning fuck said angel said angel when look open eyes brilliant ever said angel might told lies didn worth tries track star think runnin streets runnin streets stay makin ground like wear cleats should never crossed line everything cool drinkin young handcuffs wasn tryna spend life phone gotta keep hundred original fuck beginning fuck said angel wrong said angel angel look when look what open eyes brilliant ever said angel said angel break want want want want want said angel said angel didn know real angel said angel never took time never time figure look when look what open eyes brilliant ever said angel said angel,Fifth Harmony,2017,190,1.0,anticipation,intenso,0.51,0.0,0.34,0.8,0.0,0.0,0.8,0.0
Fifth Harmony,BO$$,every payday swipe card talking lady want kanye that maybach volvo this convo beat like already know tryna baller tryna holla brought next workin money cause that mama taught better show respect michelle obama purse heavy gettin oprah dollars michelle obama purse heavy gettin oprah dollars michelle obama purse heavy gettin oprah dollars michelle obama purse heavy gettin oprah dollars that confident want compliments common sense michelle obama shut mouth think know house thirstin cause already know tryna baller tryna holla brought next workin money cause that mama taught better show respect michelle obama purse heavy gettin oprah dollars michelle obama purse heavy gettin oprah dollars woah michelle obama purse heavy gettin oprah dollars michelle obama purse heavy gettin oprah dollars bridge pledge allegiance independent girls here woah baby come hear break baller tryna holla brought next workin money cause that mama taught better show respect michelle obama purse heavy gettin oprah dollars michelle obama purse heavy gettin oprah dollars michelle obama michelle obama purse heavy gettin oprah dollars michelle obama purse heavy gettin oprah dollars,Reflection,2014,214,0.66,trust,intenso,0.2,0.0,0.9,0.5,0.41,0.0,0.2,0.0
Fifth Harmony,No Way,know want anymore look face they when rains pours tell face know know before think know audience callin crazy ignore those opinions hate like rest them friends insanity lately everyone comes scars love away told perfect told same think that belong together unashamed told perfect post when look eyes soul know core good tarnished hero know know know story told told only know audience callin crazy ignore those opinions hate like rest them friends insanity lately everyone comes scars love away told perfect told same think that belong together unashamed told perfect post,7/27,2016,120,0.48,joy,neutro,0.18,0.8,0.36,0.17,0.82,0.56,0.27,0.8
Fifth Harmony,Sledgehammer,meghan trainor could take pulse right would feel like sledgehammer could feel heart beat would like sledgehammer admit play cool every minute that feel fever break sweat body tellin secrets told meghan trainor woah struggle contain woah love that veins woah circulates woah meghan trainor could take pulse right would feel like sledgehammer could feel heart beat would like sledgehammer taken beat body taken beat body lift lift take pulse right would feel like sledgehammer close together apart turnin fire waitin spark meghan trainor woah struggle contain woah love that veins woah circulates woah meghan trainor could take pulse right would feel like sledgehammer could feel heart beat would like sledgehammer taken beat body taken beat body lift lift take pulse right would feel like sledgehammer bridge meghan trainor truth stopping getting closer enough undress love comin take pulse right would feel like sledgehammer take pulse right would feel like sledgehammer hammer take pulse meghan trainor could take pulse right would feel like sledgehammer woah could feel heart beat could feel heart beat would like sledgehammer hammer taken beat body taken beat body lift lift take pulse right would feel like sledgehammer,Reflection,2014,212,0.45,fear,intenso,0.6,0.28,0.18,0.0,0.27,0.0,0.0,0.7
Fifth Harmony,Dope,jersey tongue saying much feeling attitude that east coasting baby driving crazy just like supposed with hands could save face could break sort love tryna find words tell feel show real tryna find words know else pretty fucking dope just know thinking bout ways that wanna hold close just know know else pretty fucking dope know woah know else pretty fucking dope post already know already know girlfriend cause comin wanna selfish help wantin know cool shit want much know true tryna find words tell feel show real tryna find words know else pretty fucking dope just know just know thinking bout ways that wanna hold close wanna hold close just know know else pretty fucking dope dope know know woah know else pretty fucking dope post already know already know already know already know bridge what think ways make feel know think woah already know what think ways make feel know think woah both know else pretty fucking dope just know thinking bout ways that wanna hold close just know know else pretty fucking dope just know thinking bout ways that wanna hold close,7/27,2016,222,0.52,trust,intenso,0.3,0.11,0.36,0.5,0.1,0.4,0.3,0.11
Fifth Harmony,The Life,fifth harmony ever since young tryna right every year working towards goal sleep daylight living going rope like seeing bright lights keep pour night times times double back mind this life life life this life life life this life life life this life life life this life this life life life this life life life this life this life life life this life this life post give kids eating good getting living life feeling rich this life best breaking betting chips living life feeling rich level meet court side tricking whippin hard coupe what board flight other time there show gotta stress baby find getting beach dubai what pool side sipping double back mind this life life life this life life life this life life life this life life life this life this life life life this life life life this life this life life life this life life post give kids eating good getting living life feeling rich this life best best breaking betting chips cause life living life feeling rich breakdown this life living life feeling rich living life living life feeling rich bridge stress baby find getting beach dubai pool side sipping double this life this life life life this life life life this life this life life life livin this life life life this life this life life life this life life life this life this life life life this life life life give give post give kids eating good getting give give living life feeling rich this life best best breaking betting chips baby living life feeling rich this life,7/27,2016,335,0.62,joy,intenso,0.4,0.11,0.21,0.46,0.1,0.11,0.5,0.13
Fifth Harmony,Write On Me,pick paper write skin bring life start again there eraser flaws right everything blank draw touching body like know write color outside lines love baby take time write gimme wings love never change mind post write write write write write write write write love write friend straight chaser burns going down keeps alive tell truth like danger danger cause mine everything gray draw touching body like know write color outside lines love baby take time write gimme wings love never change mind post write write write write bridge could city sleep could ocean wave everything changing written face could city sleep could ocean wave everything changing written face write color outside lines love baby take time write gimme wings love never change mind write post write write write write write write write write write write write love write write write write,7/27,2016,170,0.52,joy,intenso,0.3,0.43,0.0,0.7,0.0,0.14,1.0,0.11
Fifth Harmony,Big Bad Wolf,kiss kiss lips racing baby guilty wherever angel confess salvation carry dark break give give something believe gotta gotta even reason even gotta have gotta reason love love baby weekend come come sink teeth cause wanna talk baby hands wanna make move want shot baby cock pull gonna bite wolf cause wanna talk baby hands wanna make move want shot baby cock pull gonna bite wolf interlude whisper secrets mine take over swing like chariot ride drunk body never sober poison tonight break woah both give give something believe gotta gotta even reason even gotta have gotta reason love love baby weekend come come sink teeth cause wanna talk baby hands wanna make move make move want shot baby cock pull gonna bite gonna bite wolf cause wanna talk baby hands wanna make move want shot baby cock pull gonna bite wolf wolf bridge hold back back baby give that baby come anything want hold back baby give that baby anything want cause wanna talk baby hands cause wanna talk wanna make move want shot baby cock pull gonna bite gonna bite wolf wolf cause wanna talk baby hands baby hands wanna make move make move want shot baby cock pull gonna bite wolf wolf,7/27,2016,237,0.44,joy,intenso,0.65,0.31,0.2,0.7,1.0,0.14,0.13,0.29
Fifth Harmony,Deliver,know keep ready regular ready settin when give make sure give enough know know this know know this need replacement warranty never need another that guarantee overnight body that need know know this know know this never miss know always come through show lookin like photo keep foolproof proof when call know know what baby knows deliver that exactly baby know deliver know what comin come through through know message deliver that exactly baby know deliver know know what comin come even gotta always done easily assure back what resume know know this know notice never lettin never lettin heard about that come around know know this know know this never miss know always come through show lookin like photo keep foolproof proof when call know know baby knows deliver that exactly baby know deliver know what comin come through through know message deliver that exactly exactly gonna baby know deliver deliver know what comin come bridge doorstep like send back well hard please like give give that bring somethin wanna unpack reliable like never miss know always come through show lookin like photo keep full proof proof when call know know baby knows deliver that exactly baby know deliver know what comin come through through know message deliver that exactly baby know deliver deliver deliver know what comin come baby deliver,Fifth Harmony,2017,273,0.59,trust,intenso,0.23,0.14,0.0,0.35,0.0,0.0,0.6,0.14
Fifth Harmony,Reflection,must confess looking fresh fresh impressed head flex flex turn everybody hatin stealin show cause killin like terrio could anythin want anythin want nobody nobody ever tell need filters pictures post gram could shut internet even understand like make quite like like braggin know true from where from must heaven rich lookin good profession think love cause sexy talkin talkin reflection post talkin reflection talkin reflection talkin talkin reflection talkin reflection talkin reflection talkin talkin reflection think puttin favorite perfume think dress tight could barely move think dancin uncomfortable shoes ever confused braggin know true from where from must heaven rich lookin good profession think love cause sexy talkin talkin reflection post talkin reflection talkin reflection talkin talkin reflection talkin reflection talkin reflection talkin talkin reflection bridge mirror mirror wall should even return call snow white snow white mirror mirror wall should even return call mirror mirror wall should even return call mirror mirror wall wall from what planet must heaven okay rich lookin good profession ching think love cause sexy sexy talkin talkin reflection post talkin reflection talkin reflection talkin talkin reflection talkin reflection talkin reflection talkin talkin reflection,Reflection,2015,218,0.64,joy,intenso,0.25,0.0,0.54,0.32,0.0,0.0,1.0,0.0
Fifth Harmony,I’m in Love with a Monster,thorn rose covered dirt covered gold trying ticking want ever told cause love monster friends stupid mind without bored time really care conversation everythin need rather chasing chasing love monster love love love love love monster love love love love love monster love monster both wrap leather wrap lace breakin rules like changing game tryin ticking want ever told love monster monster nana told better taste rather look face really care lame conversation everything need rather chasing chasing love monster love love love love love monster love love love love love monster love monster bridge sweeter gettin love worth dime cause enough leave bitter better refrain make crazy love love babe make crazy baby love bite baby make crazy love make crazy baby love interlude love monster everybody know know know know everybody loves monster know know know know everybody loves monster love monster love post love love monster love monster love never find another monster wanna know wanna know love monster three four five seven eight thank goodnight,Reflection,2015,228,0.51,joy,intenso,1.0,0.11,0.18,0.0,0.68,0.14,0.34,0.3
Fifth Harmony,I Lied,crazy four letter word gets tossed guilty said many times before front more that showin real that givin chills past could open eyes thought found every time said love lied cause love never high said love lied cause everything different time post said love lied cause love never high foolish thought could back truth truth lose never that showin real showin real only that givin chills givin chills past could open eyes open eyes thought found every time said love lied cause love never high said love lied cause everything different time come post said love lied cause love never high bridge real love that text mornin real love mary call real love real love real love that text mornin real love mary call real love real love said love lied cause love never high said love lied cause love never high post love talkin bout real love said love lied cause love never high real love that text mornin real love mary call real love real love that real love that text mornin real love real love mary call real love real love real love,7/27,2016,221,0.84,joy,intenso,0.88,0.43,0.18,0.9,0.54,0.14,0.27,0.29
Fifth Harmony,Miss Movin’ On,breaking down gonna start scratch shake like etch sketch lips saying goodbye eyes finally used took record repeat killed survived comin alive never girl again woah never girl again woah innocence wearing thin heart growing strong call call call miss movin post miss movin broke glass surrounded surrounded remember remember good girl fragile more jumped fence side side whole world electrified electrified longer afraid independence independence never girl again woah never girl again woah innocence wearing thin heart growing strong call call call miss movin bridge everything changing never want back finding gonna enough gonna enough gonna enough never girl again woah never girl again innocence wearing thin heart growing strong call call call miss movin movin post miss movin miss movin miss movin movin,Reflection,2013,159,0.55,anticipation,intenso,0.11,0.28,0.7,0.14,0.0,0.14,0.2,0.4
Fifth Harmony,Gonna Get Better,gonna leave know better gonna leave know better leave money matter through gonna leave know better know always think always think unsatisfied that tempted kings finest things know truth know always think unhappy paradise that wantin trees growing green know want thought know better babe than think would need house hills need like midas midas thought know better babe than think would need house benz just want love woah gonna leave know better gonna leave know better leave money matter through gonna leave know better know always think always think unsatisfied that tempted kings finest things know truth truth know always think unhappy paradise that wantin trees growing green know want thought know better babe than think would need house hills want like midas midas woah thought know better babe than think would woah need house benz just want love woah gonna leave gonna leave know better gonna leave know better leave money money matter through gonna leave know better better bridge breakdown gonna leave know better gonna leave know better leave money matter through gonna leave know gonna better gonna better gonna leave know better gonna leave know better leave money money matter through gonna leave leave know better better,7/27,2016,246,0.61,surprise,intenso,0.2,0.37,0.5,0.39,1.0,0.56,0.3,0.0
Fifth Harmony,Who Are You,monday sent flowers tuesday made feel stupid wednesday world ours thursday prove friday fell back love saturday talk sunday said needed space miss crazy losing hold love baby either want need know need know today will pouring rain tomorrow will make smile bring sorrow gonna lost scared gonna there nobody there today cause still still same post monday heart tuesday screaming wednesday part thursday mean friday shook saturday wrong sunday said needed space miss crazy losing hold love baby either want need know need know today will pouring rain tomorrow will make smile bring sorrow gonna lost scared gonna there nobody there today cause still same interlude bridge strange thing make feel right bring much pain strange face make love hurts where where need know need know today today will pouring rain pouring rain tomorrow will make smile bring sorrow gonna lost scared gonna there nobody there today today cause still still same same,Reflection,2013,190,0.43,sadness,intenso,0.2,0.17,0.5,0.7,0.68,0.14,0.1,1.0
Fifth Harmony,Lonely Night,attention better listen cause questions late night textin likin every best friend refrain shit together shit together vision that reason keep distance must confused what must confused what room fools around treat mama right another chick side look everywhere eyes gonna lonely lonely lonely lonely lonely night post lonely lonely lonely lonely lonely lonely lonely lonely night lonely lonely lonely lonely lonely lonely lonely lonely night learn lesson permanent detention want love affection then better make good impression refrain shit together shit together vision that reason keep distance must confused bout must confused bout room fools around round treat mama right another chick side when know want baby look everywhere eyes gonna lonely lonely lonely lonely lonely night post lonely lonely lonely lonely lonely lonely lonely lonely night lonely night lonely lonely lonely lonely lonely night lonely lonely lonely lonely night bridge this warnin right have lonely night lonely night this warnin right right have lonely night lonely night breakdown night lonely night woah treat mama right another chick side look everywhere eyes woah gonna lonely lonely lonely lonely lonely night gonna lonely lonely lonely lonely lonely night gonna lonely lonely lonely lonely lonely night,Fifth Harmony,2017,244,-1.0,anger,intenso,0.18,1.0,0.7,0.21,1.0,1.0,0.24,1.0
Fifth Harmony,"Brave, Honest, Beautiful",flict ready ready ready jane fifth harmony waste precious time with nonsense mind criticize more smile worth fightin everythin with perfect porcelain compare gotta remind yourself that amazing babe break every could smilin every gotta remind yourself dance like beyonc shake like shakira cause brave fearless beautiful beautiful whine like rihanna pose like madonna cause brave honest beautiful beautiful girl sell every stadium crowd goes crazy done know beautiful deserve hollywood star everythin with perfect porcelain compare just gotta remind yourself that amazing babe break every could smilin every gotta remind yourself meghan trainor dance like beyonc shake like shakira cause brave fearless beautiful beautiful whine like rihanna pose like madonna cause brave honest beautiful beautiful girl interlude meghan trainor haha said beautiful beautiful meghan bring bass bridge meghan trainor meghan trainor shake shake shake mama show world know wind waist tell stop tell stop tell stop shake shake shake mama show world know confidence help help meghan trainor dance like beyonc shake like shakira cause brave fearless fearless beautiful beautiful woah whine like rihanna whine whine pose like madonna pose like madonna cause brave honest beautiful beautiful girl dance like beyonc shake like shakira shakira shakira cause brave fearless beautiful beautiful whine like rihanna pose like madonna cause brave honest beautiful beautiful girl girl,Reflection,2015,254,0.59,joy,intenso,0.79,0.17,0.7,0.5,0.95,0.16,0.3,1.0
Fifth Harmony,1000 Hands,tired tired give nothin ever tried perfect somethin like truest everywhere somehow place ever long hold down liberty warm touch pressure fingertips never enough nothin submit wanna feel thousand hands from make feel thousand hands from grab hold soul make feel complete within show these goosebumps skin wear heart sleeve need feel pain would take bullet cause know same warm touch pressure fingertips never enough nothin submit wanna feel thousand hands from make feel thousand hands from want feel thousand thousand hands just wanna feel thousand thousand hands feel thousand hands,7/27,2016,110,0.49,anticipation,intenso,0.46,0.57,0.18,0.1,1.0,0.0,0.1,0.5
Fifth Harmony,Bridges,spend time rewind sorry many times remind myself come stories build walls blind ourselves every action there reaction know world cold divide there something inside power grows there something beautiful flaws something calling says build bridges build bridges separate know love conquer hate build bridges bridges walls build bridges walls bridges walls believe beauty love believe really believe every woman fighter believe every stand beside know world cold divide there something inside power grows there something beautiful flaws something calling says build bridges build build bridges separate know love conquer hate build bridges bridges walls build bridges walls bridges walls bridge pray break chains because love worth fighting shed light build pray break chains because love worth fighting shed light build pray break chains because love worth fighting shed light build pray break chains praying because love worth fighting shed light refrain build bridges build pray break chains build bridges because love worth fighting shed light build bridges pray break chains build bridges because love worth fighting shed light build bridges build build bridges build bridges build bridges build bridges build bridges separate build bridges know love conquer hate build bridges build bridges build bridges bridges walls build bridges walls,Fifth Harmony,2017,232,0.59,joy,intenso,0.44,0.43,0.21,0.17,1.0,0.42,0.2,0.13
Fifth Harmony,Sauced Up,sauced forever young never cause sauced like what what what what what money your flow know fluent code make come bands though drop couple show came refrain disaronno rocks rocks fireball lemon drop lemon drop clock shut talk right right what doin right want problems want power drivin follow sauced forever young never blame drunk love explain tomorrow show rock bass show rock roll cause sauced like what what what sauced sauced feelings sauced feelin bossed make baby what refrain disaronno rocks rocks fireball lemon drop lemon drop clock shut talk right right what doin right want problems want power drivin follow sauced forever young never blame drunk love explain tomorrow show rock bass show rock roll cause sauced like what what what bridge what night feelin ceilin cards table keep hundred baby show made right right what doin right want problems want problems want power drivin drivin follow sauced sauced forever young never blame drunk love blame drunk love babe explain tomorrow show show rock bass show rock roll cause sauced like what post what what sauced sauced woah feelings sauced what feelin bossed woah make what what sauced sauced woah feelings sauced what feelin bossed make what what what what what what,Fifth Harmony,2017,250,0.62,trust,intenso,0.25,0.0,0.9,0.42,0.68,0.11,0.3,0.0
Fifth Harmony,Squeeze,night looking wish could read mind dimming light dark going feel only moon guide when alone close give warmth never known face face caught wild embrace this safest place ever known arms around baby arms around baby squeeze only know save arms around baby squeeze squeeze post remember night talking saying words wanna hear most gave heart gave coat cold taking sweet slow when alone close give warmth never known face face caught wild embrace this safest place ever known arms around baby arms around baby squeeze only know save arms around baby squeeze squeeze post arms around baby arms around baby squeeze only know save arms around baby baby squeeze squeeze post would squeeze hold baby,7/27,2016,141,0.63,joy,intenso,0.39,0.28,0.9,0.21,1.0,0.0,0.1,0.14
Fifth Harmony,Make You Mad,make make blood veins work baby baby know what mind heart move body every time leave image mind like baby come lock throw come gonna make miss gonna make gonna make sure best ever gonna make miss gonna make gonna make sure best ever post make make night hear call midnight hour that come alive turn light feel power take heat coming inside woah like baby come lock throw come woah gonna make miss gonna make gonna make sure best ever woah woah gonna make miss gonna make make miss gonna make sure best ever post make make make make make make bridge come come come come come what come come come come come gonna make miss make miss gonna make woah gonna make sure best ever best ever baby gonna make miss gonna make love gonna make gonna make sure best ever best ever,Fifth Harmony,2017,181,0.54,joy,intenso,0.16,0.14,0.18,0.0,0.0,0.0,0.1,0.0
Fifth Harmony,Scared of Happy,since lost words needles static stutters never knew love hurt feeling heat burn just give good reason drop everythin leave seconds away turnin back around somethin feeling pushin pullin walls fall down usually fearless scared happy usually fearless scared happy afraid nothing afraid used fearless scared happy post scared happy there something good sticking guns blame yourself take step back breathe once this want give good reason drop everythin leave seconds away pullin outside door something feeling pushin pullin that come back more usually fearless scared happy usually fearless scared happy afraid nothing afraid used fearless scared happy happy post scared happy happy bridge when goes down when goes when goes down will still around comin back runnin away usually fearless scared happy usually fearless scared happy fearless afraid nothing afraid used fearless scared happy happy post scared happy scared happy scared happy scared happy scared happy scared happy used fearless scared happy usually fearless scared happy afraid nothin afraid used fearless scared happy,7/27,2016,206,0.78,joy,intenso,0.6,0.11,0.14,1.0,0.82,0.56,1.0,0.37
Fifth Harmony,Messy,tell straight feel filter touchin there filter refrain cruel sometimes mind insecure door wonder hard handle dance around house nothin radio scandal runnin mouth crying bedroom floor messy messy admit messy crazy admit changin changin messy messy admit secrets here lights feelin cause hold tongue refrain cruel sometimes mind insecure door wonder hard handle dance around house nothin radio scandal runnin mouth crying bedroom floor messy messy messy admit messy crazy admit changin woah changin messy messy admit admit bridge changin admit admit admit apologies changin changin changin changin admit messy messy admit messy crazy admit admit changin changin changin changin messy messy admit admit post messy messy messy messy baby admit baby babe baby changin changin messy messy admit,Fifth Harmony,2017,178,0.24,disgust,intenso,0.11,0.13,0.3,0.3,0.95,0.3,0.0,0.13
Fifth Harmony,Not That Kinda Girl,come pull what benz tellin money spend wanna spend baby please show club what bottles tryna talk shit like gonna follow really really even know know like even know keep staring show like fall think problem looking like kinda girl just cause mean girl want treat like fucked kinda girl wanna like better speak shut tryna tell wanna touch regret know thinking wanna find body wanna know baby think ready baby show something more show there missy elliott looking like kinda girl just cause mean girl want treat like fucked kinda girl kinda girl looking looking like kinda girl that kinda girl just cause mean girl want want treat like fucked kinda girl kinda girl missy elliott kinda girl freak first date first date straight that right make wait make wait look good look great want cake while face tryna taste what think thot forget forget that around block that wanna smash talk trash gets boys boys love love tell freak wife wife tell find girl like like kinda girl give panties looking then looking like kinda girl just cause just cause mean girl know want this baby baby want treat like fucked kinda girl kinda girl looking like kinda girl just cause cause mean girl want want treat like fucked kinda girl kinda girl,7/27,2016,243,0.47,sadness,neutro,0.32,0.21,0.12,0.35,1.0,0.9,0.3,0.19
Fifth Harmony,We Know,same words thirst different name same jokes laugh guess that game show everything need even though damn fine know better without even cross mind would always doubt believe thing time girls told play game know know probably worked last time girls told play game know post know know know know know know know know know know know know first really ashamed entice chain number phone away maybe stay lane even though damn fine know better without even cross mind would always doubt believe thing time girls told play game know know probably worked last time girls told play game know post know know know woah know know know know know know know know know know know believe thing time girls told play game know,Reflection,2015,158,0.44,sadness,intenso,0.23,0.8,0.5,0.7,0.68,0.4,0.2,0.5
Fifth Harmony,Like Mariah,tyga doop doop doop doop doop doop love call baby when lightin phone makes want like crazy runnin home runnin home just hear heart beat sweet like honeycomb gotta near cause best ever known make like song hummin hummin beat drum rhythm rhythm fifth harmony your lovin takes higher heart fire when touch body singing like mariah there denying your kisses keep flying when touch body singing like mariah post fifth harmony singing like mariah your name written lips every single little kiss like dream like dream need make wish cause want when like this lose cool make like song hummin hummin beat drum rhythm rhythm fifth harmony your lovin takes higher heart fire when touch body singing like mariah there denying your kisses keep flying when touch body singing like mariah post tyga fifth harmony singing like mariah tyga fire lookin love number supplier wanna wanna ride hottest city heart fire nothin know come pretty pretty pretty pretty sidity like aaliyah mariah carey stay winnin ridin papa love lambo pilot inside angel body king need goddess gotta love tyga fifth harmony your loving takes higher heart fire when touch body singing like mariah there denying your kisses keep flying when touch body singing like mariah post tyga fifth harmony singing like mariah sing tyga fifth harmony singing like mariah singing like mariah singing like mariah,Reflection,2015,269,0.66,joy,intenso,0.48,0.7,0.7,0.5,0.27,0.14,0.3,1.0
Fifth Harmony,Me & My Girls,play favorite songs scream night long like when girls lights turn loud talk understand word gotta sleep instead karaoke taking duckface selfies right left crazy stupid care people stare wobble diva queen britney demi direction bieber play favorite songs scream night long like when girls dance like watching crack booty poppin like when girls watch post girls girls girls girls girls girls voice gone favorite times like always come along need there rather than crazy freaks crazy stupid care people stare wobble diva queen britney demi direction bieber play favorite songs scream night long like when girls dance like watching crack booty poppin like when girls watch post girls girls girls girls girls girls bridge break down break down break down break break down break down break down break down play favorite songs scream night long like when girls dance like watching crack booty poppin like when girls watch,Reflection,2013,183,0.54,surprise,intenso,0.18,0.43,0.21,0.2,0.95,0.56,0.2,0.14
Fifth Harmony,Better Together,when together strangers playin around wanna work wanna work thought something missing different baby lookin back really worked really worked because gone sleep alone help want back cause miss said really miss understand better together miss said really really miss understand better together post better better better better better know better together better better better better better know better together watching thinking ever dumb known known late wanna know babe tell could still cause finally know really know because gone sleep alone help want back cause both miss said really said really miss understand better together miss miss said really really miss understand better together post better better better better better know better together better better better better better know better together bridge gone sleep alone help want back cause refrain better better better better better know better together better better better better better know better together miss know miss said really said really miss understand better together miss said really really miss understand better together better better better better better know better together better better better better better know better together,Reflection,2013,222,0.45,sadness,intenso,0.46,0.7,0.18,0.0,0.0,0.14,0.6,0.5
Fifth Harmony,Can You See,searchin somethin somethin that bigger believe refrain knew star close could touch light hearts lead dark waited life feel feelin that feel right open eyes world brighter tell star shine lights tell great meet king kings come follow tell star leap faith promise there army mountain stop refrain knew star close could touch light hearts lead dark tell star star shine lights tell great great meet king kings come follow tell star bridge waited life feel feelin that feel right open eyes world brighter tell star shine lights tell great great meet king kings come follow tell star star post tell star tell star tell star star king kings lord lords tell star tell star meet king kings come follow,The Star,2017,155,0.77,trust,intenso,0.41,0.28,0.0,0.64,0.0,0.14,0.6,0.0
Fifth Harmony,Voicemail,reached phone number longer service wait call back cause thinkin bout post shake shake shake shake shake shake single ladies shake shake shake shake shake shake pretty ladies club going thinkin bout stay stay girls gettin down watch news keep callin keep callin ignore ignore keep callin keep callin voicemail answer reached phone number that longer service wait call back call back cause thinkin bout reached phone number lover probably lose time start dealin fact that thinkin bout post shake shake shake shake shake shake single ladies shake shake shake shake shake shake pretty ladies what what everythin need include never seen booty movin like mine break down interlude boom boom bounce boom boom bounce boom boom bounce boom boom bounce keep callin keep callin ignore ignore keep callin keep callin keep callin keep callin voicemail answer reached phone number that longer service wait call back cause thinkin bout thinkin bout reached phone number lover probably lose time start dealin fact dealin fact that thinkin bout post shake shake shake shake shake shake shake shake girl single ladies shake shake shake shake girl shake girl shake shake shake pretty ladies bridge make time sorry late through favor later call there reached phone number that longer service wait call back wait wait cause thinkin bout thinkin bout reached phone number lover probably lose time start dealin fact that thinkin bout thinkin bout,7/27,2016,282,0.56,anticipation,intenso,0.13,0.57,0.7,0.32,1.0,0.4,0.6,0.5
Fifth Harmony,Top Down,blaze cruisin down engine cruisin watch down truck ridin down with down down small town cruisin city where fellas cute girls pretty world know going down lotta money lotta style what what blaze cruisin down engine cruisin watch down truck ridin down with down down post electric city baby mine tonight electric city shine bright electric city baby light electric city think might stay passed real woke realer clique going hard feel come take ride lotta money lotta style what what blaze cruisin down engine cruisin watch down truck ridin down with down down post electric city baby mine tonight electric city shine bright electric city baby light electric city think might stay break blaze cruisin down engine cruisin watch down truck ridin down with down down post electric city baby mine tonight electric city shine bright electric city baby light electric city think might stay,Reflection,2015,174,0.71,joy,intenso,0.48,0.0,0.2,0.25,0.82,0.0,0.2,0.5
Fifth Harmony,Going Nowhere,flict first give girl credit keep lovin cause realest night that stay side always right thing matter cause nobody perfect know leave make stay where going tryna tryna where going tryna baby baby where going tryna tryna where going tryna baby cause know stay better listen words going nowhere going nowhere better like sense cause dime money well spent going nowhere going nowhere start pointin fingers wish loved loved baby same make work baby crazy love hate thin line where going tryna where tryna where going tryna baby baby woah where going tryna where going tryna where going tryna baby cause know stay better listen words going nowhere going nowhere better like sense cause dime money well spent going nowhere going nowhere nowhere bridge waitin waitin night gonna play games gonna lose sorry goodbye still want need happy still must blind where going tryna where goin tryna tryna where going tryna baby baby where goin tryna baby where going tryna where going tryna baby cause know stay down better listen words going nowhere going nowhere going nowhere better like sense like sense cause dime money well spent going nowhere going nowhere nowhere cause know stay better listen words words going nowhere nowhere going nowhere nowhere better like sense cause dime money well spent going nowhere going nowhere going nowhere going nowhere,Reflection,2015,256,0.58,joy,intenso,0.44,0.57,0.1,0.21,1.0,0.28,0.2,0.4
Fifth Harmony,Them Girls Be Like,look should call back wear hair like that make stacks ever around hear talkin crazy like ever post pics filter hashtag woke like them girls like them girls like them girls like them girls like that like that like lovin life cause really care that like that like lovin life cause really care hatin phase take selfie every night least hundred likes ever around hear talkin crazy like ever post pics filter hashtag woke like them girls like them girls like them girls like them girls like that like that like lovin life cause really care that like that like lovin life cause really care bridge like girls much thirsty think boys missin woah woah know hate girls much thirsty think boys missin woah woah them girls like them girls like them girls like them girls like that like that like lovin life cause really care that like that like lovin life cause really care,Reflection,2014,180,0.42,sadness,intenso,0.0,0.43,0.0,0.0,0.41,0.14,0.0,0.4
Fifth Harmony,This is How We Roll,this roll stay street week cause this roll gotta stay house cause party every weekend turn baby burn again this roll rollin rollin rollin drop everybody party everybody party came party came party better move body better move body damn look body damn look body everybody everybody here hands hands wave like care wave like care hear this place jumpin keep bumpin boys keep watchin wanna leave somethin makin clap makin clap clap clap clap clap clap clap clap clap need hands need hands that that that that that cause this roll stay street week cause this roll gotta stay house cause party every weekend turn baby burn again this roll rollin rollin rollin drop wild crazy wild crazy wanna crazy wanna crazy free young free young blame clear clear boys boys there keep lookin here keep lookin here care this place jumpin keep bumpin boys keep watchin wanna leave somethin makin clap makin clap clap clap clap clap clap clap clap clap need hands need hands that that that that that cause this roll stay street week cause this roll gotta stay house cause party every weekend turn baby burn again this roll rollin rollin rollin bridge pull camera woah cause someone woah gonna wanna woah woah take picture snap post world woah woah cause going town better believe woah woah sexy sexy girls girls girls roll this roll roll stay street week cause stay street cause this roll roll gotta stay house cause party party every weekend every weekend turn baby burn this roll this roll roll roll rollin rollin rollin rollin rollin rollin rollin drop this roll,Reflection,2015,301,0.73,joy,intenso,0.6,0.15,0.1,0.6,0.95,0.4,0.7,0.13
Fifth Harmony,Everlasting Love,ever ever ever ever ever ever fifth harmony baby ever ever ever everlasting love another always lookin shoulder cause ever wanna miss thinkin daily wait face even know know wait kiss somehow know finally lock eyes that feel gonna needed make feel like dream whoever baby waitin ever everlasting love ever everlasting love never ever givin layin next looking ever everlasting love forever ever kind touch never ever enough baby meant wasting time anybody baby want exceptional original someone deny love already know sounds crazy hope save cause baby mine mine gonna needed make feel like dream whoever baby waitin ever everlasting love ever everlasting love never ever givin layin next looking ever everlasting love forever ever kind touch never ever enough baby meant post everlasting love ever ever ever everlasting love ever ever ever everlasting love ever ever ever everlasting love everlasting love bridge even know name brain darling hardly wait know beautifully insane infinitely promise glad came wait show ever everlasting love every ever everlasting love enough never ever givin layin next looking ever everlasting love ever ever forever ever kind touch never ever enough baby meant baby meant post everlasting love ever ever ever everlasting love ever ever ever everlasting love ever ever ever everlasting love everlasting love,Reflection,2015,250,0.78,joy,intenso,0.9,0.43,0.54,0.35,0.41,0.28,0.3,0.5
Fifth Harmony,Don’t Wanna Dance Alone,callin girls there tonight hundred percent every single trace weekdays gone there gotta million faces room room gets attention best feel like dancin night long nothing gonna stop want baby come cause wanna dance alone long thinkin bout feelin arms wrapped around body that want baby come cause wanna dance alone floor feel starin across room what waitin want come make move million silhouettes dancin room room wanna gets attention best feel like dancin night long nothing gonna stop want baby come cause wanna dance alone long thinkin bout feelin arms wrapped around body that want baby come cause wanna dance alone bridge come close baby want move slow never know things could come close baby want move slow never know things could best best feel like dancin feel like dancin night long night long nothing gonna stop want want baby come cause wanna dance alone long thinkin bout feelin arms your arms wrapped around body that want baby come cause wanna dance alone lone dance alone wanna dance alone,Reflection,2013,199,0.54,joy,intenso,0.37,0.13,0.0,0.25,0.41,0.0,0.2,0.11
Fifth Harmony,Suga Mama,flict know want tell want lady deny sexy what make green tryna take guess cash take team baby interlude woah woah suga mama suga mama baby suga mama said said suga mama suga mama suga mama suga mama baby suga mama even though love thought your your post suga mama suga mama suga mama love nobody love like like call lazy food daddy said good ballin dough payin things something gotta change please please baby interlude woah woah woah suga mama suga mama baby suga mama said said suga mama suga mama suga mama suga mama baby suga mama even though love thought your your post suga mama suga mama suga mama your suga mama bridge money money damn thang wish could honey make sang sang money money damn thang what want suga mama suga mama your suga mama baby suga mama said said suga mama suga mama your suga mama suga mama baby suga mama even though love thought even though love thought your your post suga mama suga mama suga mama suga mama suga mama suga mama suga mama,Reflection,2015,229,0.68,joy,intenso,0.51,0.0,0.1,0.28,1.0,0.28,0.3,0.29